Glasses_title,Glasses_url,Glasses_img_url,Glasses_price,Count,Next_page
Taurus,https://www.glassesshop.com/eyeglasses/fp2043,"https://glassesshop-res.cloudinary.com/w_800,h_400,c_pad/products/202002/5e43690b02bb9.jpg",$24.95,1,https://www.glassesshop.com/bestsellers?page=2
Oberlin,https://www.glassesshop.com/eyeglasses/fp2032,"https://glassesshop-res.cloudinary.com/w_800,h_400,c_pad/products/202001/5e28f5edb550c.jpg",$19.95,2,https://www.glassesshop.com/bestsellers?page=2
Derrick,https://www.glassesshop.com/eyeglasses/fp1661,"https://glassesshop-res.cloudinary.com/w_800,h_400,c_pad/products/201805/5af16009d7b28.jpg",$24.95,3,https://www.glassesshop.com/bestsellers?page=2
Dubois,https://www.glassesshop.com/eyeglasses/ft0326,"https://glassesshop-res.cloudinary.com/w_800,h_400,c_pad/products/201908/5d4d180867511.jpg",$49.95,4,https://www.glassesshop.com/bestsellers?page=2
Maltz,https://www.glassesshop.com/eyeglasses/fz1370,"https://glassesshop-res.cloudinary.com/w_800,h_400,c_pad/products/201907/5d268bd88f69a.jpg",$29.95,5,https://www.glassesshop.com/bestsellers?page=2
Celia,https://www.glassesshop.com/eyeglasses/fm1387,"https://glassesshop-res.cloudinary.com/w_800,h_400,c_pad/products/201906/5d031896311f6.jpg",$19.95,6,https://www.glassesshop.com/bestsellers?page=2
Whit,https://www.glassesshop.com/eyeglasses/ft0301,"https://glassesshop-res.cloudinary.com/w_800,h_400,c_pad/products/201906/5cf8ca4e8531f.jpg",$59.95,7,https://www.glassesshop.com/bestsellers?page=2
Hume,https://www.glassesshop.com/eyeglasses/fz1297,"https://glassesshop-res.cloudinary.com/w_800,h_400,c_pad/products/201901/5c3403881a8fe.jpg",$29.95,8,https://www.glassesshop.com/bestsellers?page=2
Genevieve,https://www.glassesshop.com/eyeglasses/fz1268,"https://glassesshop-res.cloudinary.com/w_800,h_400,c_pad/products/201810/5bbc509cc7c07.jpg",$34.95,9,https://www.glassesshop.com/bestsellers?page=2
Vivian,https://www.glassesshop.com/eyeglasses/fz1250,"https://glassesshop-res.cloudinary.com/w_800,h_400,c_pad/products/201810/5bbc4f0f37405.jpg",$29.95,10,https://www.glassesshop.com/bestsellers?page=2
Rochester,https://www.glassesshop.com/eyeglasses/fm1263,"https://glassesshop-res.cloudinary.com/w_800,h_400,c_pad/products/201906/5cf730e71cec3.jpg",$29.95,11,https://www.glassesshop.com/bestsellers?page=2
Poppy,https://www.glassesshop.com/eyeglasses/fz1032,"https://glassesshop-res.cloudinary.com/w_800,h_400,c_pad/products/202005/5ebb49bb32ac9.jpg",$19.95,12,https://www.glassesshop.com/bestsellers?page=2
Fresno,https://www.glassesshop.com/eyeglasses/fp2038,"https://glassesshop-res.cloudinary.com/w_800,h_400,c_pad/products/202002/5e377f71e127e.jpg",$12.95,13,https://www.glassesshop.com/bestsellers?page=2
Asheville,https://www.glassesshop.com/eyeglasses/fp1990,"https://glassesshop-res.cloudinary.com/w_800,h_400,c_pad/products/201910/5d9ff9e0a3ca8.jpg",$12.95,14,https://www.glassesshop.com/bestsellers?page=2
Bronx,https://www.glassesshop.com/eyeglasses/fp1979,"https://glassesshop-res.cloudinary.com/w_800,h_400,c_pad/products/201910/5d9ff9961f92a.jpg",$12.95,15,https://www.glassesshop.com/bestsellers?page=2
Eleanor,https://www.glassesshop.com/eyeglasses/fp1948,"https://glassesshop-res.cloudinary.com/w_800,h_400,c_pad/products/202005/5ec4810dc05c2.jpg",$12.95,16,https://www.glassesshop.com/bestsellers?page=2
Laurie,https://www.glassesshop.com/eyeglasses/fz1386,"https://glassesshop-res.cloudinary.com/w_800,h_400,c_pad/products/201908/5d4d19ea68174.jpg",$29.95,17,https://www.glassesshop.com/bestsellers?page=2
Milne,https://www.glassesshop.com/eyeglasses/fz1358,"https://glassesshop-res.cloudinary.com/w_800,h_400,c_pad/products/201907/5d1dad7e8b665.jpg",$29.95,18,https://www.glassesshop.com/bestsellers?page=2
Annabel,https://www.glassesshop.com/eyeglasses/ft0304,"https://glassesshop-res.cloudinary.com/w_800,h_400,c_pad/products/201906/5d0318965cdb1.jpg",$39.95,19,https://www.glassesshop.com/bestsellers?page=2
Vogt,https://www.glassesshop.com/eyeglasses/fz1320,"https://glassesshop-res.cloudinary.com/w_800,h_400,c_pad/products/201906/5cf8ca4eb5fb5.jpg",$29.95,20,https://www.glassesshop.com/bestsellers?page=2
Wilsen,https://www.glassesshop.com/eyeglasses/fz1315,"https://glassesshop-res.cloudinary.com/w_800,h_400,c_pad/products/201906/5cf8ca4ea18c0.jpg",$29.95,21,https://www.glassesshop.com/bestsellers?page=2
Tacab,https://www.glassesshop.com/eyeglasses/fp1831,"https://glassesshop-res.cloudinary.com/w_800,h_400,c_pad/products/201904/5cb69b5102348.jpg",$19.95,22,https://www.glassesshop.com/bestsellers?page=2
Averies,https://www.glassesshop.com/eyeglasses/fp1828,"https://glassesshop-res.cloudinary.com/w_800,h_400,c_pad/products/201904/5cb69b42234af.jpg",$19.95,23,https://www.glassesshop.com/bestsellers?page=2
Butler,https://www.glassesshop.com/eyeglasses/fp1841,"https://glassesshop-res.cloudinary.com/w_800,h_400,c_pad/products/201904/5cb69b512d7b0.jpg",$19.95,24,https://www.glassesshop.com/bestsellers?page=2
Horatio,https://www.glassesshop.com/eyeglasses/sm0876,"https://glassesshop-res.cloudinary.com/w_800,h_400,c_pad/products/201812/5c24368513a4f.jpg",$19.95,25,https://www.glassesshop.com/bestsellers?page=2
Haywood,https://www.glassesshop.com/eyeglasses/fm1352,"https://glassesshop-res.cloudinary.com/w_800,h_400,c_pad/products/201812/5c243674485c6.jpg",$29.95,26,https://www.glassesshop.com/bestsellers?page=2
Ezekiel,https://www.glassesshop.com/eyeglasses/fz1278,"https://glassesshop-res.cloudinary.com/w_800,h_400,c_pad/products/201810/5bbc50f66304b.jpg",$29.95,27,https://www.glassesshop.com/bestsellers?page=2
Burke,https://www.glassesshop.com/eyeglasses/fm1243,"https://glassesshop-res.cloudinary.com/w_800,h_400,c_pad/products/201805/5b05174513cea.jpg",$24.95,28,https://www.glassesshop.com/bestsellers?page=2
Jean,https://www.glassesshop.com/eyeglasses/fp1717,"https://glassesshop-res.cloudinary.com/w_800,h_400,c_pad/products/201805/5b03bc6e7b94e.jpg",$24.95,29,https://www.glassesshop.com/bestsellers?page=2
Isaiah,https://www.glassesshop.com/eyeglasses/fp1642,"https://glassesshop-res.cloudinary.com/w_800,h_400,c_pad/products/201910/5db26823a6070.jpg",$19.95,30,https://www.glassesshop.com/bestsellers?page=2
Mandy,https://www.glassesshop.com/eyeglasses/fz1087,"https://glassesshop-res.cloudinary.com/w_800,h_400,c_pad/products/201710/59e01c443bff6.jpg",$29.95,31,https://www.glassesshop.com/bestsellers?page=2
Nicole,https://www.glassesshop.com/eyeglasses/fz1083,"https://glassesshop-res.cloudinary.com/w_800,h_400,c_pad/products/201710/59e01c2604ce3.jpg",$19.95,32,https://www.glassesshop.com/bestsellers?page=2
Miami,https://www.glassesshop.com/eyeglasses/fz0981,"https://glassesshop-res.cloudinary.com/w_800,h_400,c_pad/products/201704/58f85d7927324.jpg",$29.95,33,https://www.glassesshop.com/bestsellers?page=2
Riverside,https://www.glassesshop.com/eyeglasses/fm1385,"https://glassesshop-res.cloudinary.com/w_800,h_400,c_pad/products/201906/5d031896295ff.jpg",$19.95,34,https://www.glassesshop.com/bestsellers?page=2
Wilker,https://www.glassesshop.com/eyeglasses/sup0622,"https://glassesshop-res.cloudinary.com/w_800,h_400,c_pad/products/201904/5cb69b5e59b5c.jpg",$29.95,35,https://www.glassesshop.com/bestsellers?page=2
Murphy,https://www.glassesshop.com/eyeglasses/fp1746,"https://glassesshop-res.cloudinary.com/w_800,h_400,c_pad/products/201811/5bebc0387547c.jpg",$39.95,36,https://www.glassesshop.com/bestsellers?page=2
Winchester,https://www.glassesshop.com/eyeglasses/fp1770,"https://glassesshop-res.cloudinary.com/w_800,h_400,c_pad/products/201809/5bac31dd12811.jpg",$19.95,37,https://www.glassesshop.com/bestsellers?page=2
Joyce,https://www.glassesshop.com/eyeglasses/fp1504,"https://glassesshop-res.cloudinary.com/w_800,h_400,c_pad/products/201712/5a2f936dd2b85.jpg",$12.95,38,https://www.glassesshop.com/bestsellers?page=2
Sudbury,https://www.glassesshop.com/eyeglasses/fp0611,"https://glassesshop-res.cloudinary.com/w_800,h_400,c_pad/products/201703/58dcb60839138.jpg",$5.95,39,https://www.glassesshop.com/bestsellers?page=2
Marlowe,https://www.glassesshop.com/eyeglasses/sup0711,"https://glassesshop-res.cloudinary.com/w_800,h_400,c_pad/products/201907/5d268bd89da12.jpg",$19.95,40,https://www.glassesshop.com/bestsellers?page=2
Thomasville,https://www.glassesshop.com/eyeglasses/fp1563,"https://glassesshop-res.cloudinary.com/w_800,h_400,c_pad/products/202005/5eb91abca5cd5.jpg",$24.95,41,https://www.glassesshop.com/bestsellers?page=2
Hillsborough,https://www.glassesshop.com/eyeglasses/fp0989,"https://glassesshop-res.cloudinary.com/w_800,h_400,c_pad/products/201808/5b873cb01adee.jpg",$19.95,42,https://www.glassesshop.com/bestsellers?page=2
Terre,https://www.glassesshop.com/eyeglasses/rm0247,"https://glassesshop-res.cloudinary.com/w_800,h_400,c_pad/products/201703/58c7556ccda85.jpg",$32.95,43,https://www.glassesshop.com/bestsellers?page=2
Owen,https://www.glassesshop.com/eyeglasses/fp1649,"https://glassesshop-res.cloudinary.com/w_800,h_400,c_pad/products/201908/5d4d18d0e18b7.jpg",$19.95,44,https://www.glassesshop.com/bestsellers?page=2
Dove,https://www.glassesshop.com/eyeglasses/fp1726,"https://glassesshop-res.cloudinary.com/w_800,h_400,c_pad/products/201807/5b3dcfeb7bc2f.jpg",$34.95,45,https://www.glassesshop.com/bestsellers?page=2
Kelowna,https://www.glassesshop.com/eyeglasses/fp1409,"https://glassesshop-res.cloudinary.com/w_800,h_400,c_pad/products/201710/59e4597b52b63.jpg",$19.95,46,https://www.glassesshop.com/bestsellers?page=2
Kerlins,https://www.glassesshop.com/eyeglasses/sup0658,"https://glassesshop-res.cloudinary.com/w_800,h_400,c_pad/products/201905/5ccf9668d1b8c.jpg",$29.95,47,https://www.glassesshop.com/bestsellers?page=2
Darcy,https://www.glassesshop.com/eyeglasses/sm0787,"https://glassesshop-res.cloudinary.com/w_800,h_400,c_pad/products/201811/5bff5bf283882.jpg",$19.95,48,https://www.glassesshop.com/bestsellers?page=2
Grover,https://www.glassesshop.com/eyeglasses/fp1730,"https://glassesshop-res.cloudinary.com/w_800,h_400,c_pad/products/201807/5b3dd02194eeb.jpg",$34.95,49,https://www.glassesshop.com/bestsellers?page=2
Angel  Wayframe,https://www.glassesshop.com/eyeglasses/fp1646,"https://glassesshop-res.cloudinary.com/w_800,h_400,c_pad/products/201805/5afe7ea43b647.jpg",$19.95,50,https://www.glassesshop.com/bestsellers?page=2
Cooksville,https://www.glassesshop.com/eyeglasses/fp1566,"https://glassesshop-res.cloudinary.com/w_800,h_400,c_pad/products/201803/5ab495953edf7.jpg",$24.95,51,https://www.glassesshop.com/bestsellers?page=2
Buckeye,https://www.glassesshop.com/eyeglasses/fz1094,"https://glassesshop-res.cloudinary.com/w_800,h_400,c_pad/products/201811/5bff5bf27139c.jpg",$29.95,52,https://www.glassesshop.com/bestsellers?page=2
Arlene,https://www.glassesshop.com/eyeglasses/fp1762,"https://glassesshop-res.cloudinary.com/w_800,h_400,c_pad/products/201808/5b7e0ee291eff.jpg",$24.95,53,https://www.glassesshop.com/bestsellers?page=2
Heather,https://www.glassesshop.com/eyeglasses/fp1704,"https://glassesshop-res.cloudinary.com/w_800,h_400,c_pad/products/202004/5e9d1d010a57b.jpg",$29.95,54,https://www.glassesshop.com/bestsellers?page=2
Callan,https://www.glassesshop.com/eyeglasses/fp0985,"https://glassesshop-res.cloudinary.com/w_800,h_400,c_pad/products/201703/58dcb61d82aea.jpg",$19.95,55,https://www.glassesshop.com/bestsellers?page=2
Mika,https://www.glassesshop.com/eyeglasses/sup0652,"https://glassesshop-res.cloudinary.com/w_800,h_400,c_pad/products/201905/5ccf966899ddb.jpg",$29.95,56,https://www.glassesshop.com/bestsellers?page=2
Lexingto,https://www.glassesshop.com/eyeglasses/fp1694,"https://glassesshop-res.cloudinary.com/w_800,h_400,c_pad/products/201805/5b03be967b506.jpg",$19.95,57,https://www.glassesshop.com/bestsellers?page=2
Trenton,https://www.glassesshop.com/eyeglasses/fp1232,"https://glassesshop-res.cloudinary.com/w_800,h_400,c_pad/products/201611/58252d0bc746b.jpg",$19.95,58,https://www.glassesshop.com/bestsellers?page=2
Watertown,https://www.glassesshop.com/eyeglasses/fp1804,"https://glassesshop-res.cloudinary.com/w_800,h_400,c_pad/products/201903/5c99cd4244575.jpg",$19.95,59,https://www.glassesshop.com/bestsellers?page=2
Celeste,https://www.glassesshop.com/eyeglasses/fp1180,"https://glassesshop-res.cloudinary.com/w_800,h_400,c_pad/products/201805/5afb93dbb0fb9.jpg",$19.95,1,https://www.glassesshop.com/bestsellers?page=3
Brunswick,https://www.glassesshop.com/eyeglasses/fm1017,"https://glassesshop-res.cloudinary.com/w_800,h_400,c_pad/products/201805/5af13c7ed9208.jpg",$29.95,2,https://www.glassesshop.com/bestsellers?page=3
Novia,https://www.glassesshop.com/eyeglasses/fp1697,"https://glassesshop-res.cloudinary.com/w_800,h_400,c_pad/products/201805/5b03beaa13479.jpg",$19.95,3,https://www.glassesshop.com/bestsellers?page=3
Haggai,https://www.glassesshop.com/eyeglasses/fp1775,"https://glassesshop-res.cloudinary.com/w_800,h_400,c_pad/products/202005/5ecb7f0658107.jpg",$24.95,4,https://www.glassesshop.com/bestsellers?page=3
BowlingGreen,https://www.glassesshop.com/eyeglasses/fp0917,"https://glassesshop-res.cloudinary.com/w_800,h_400,c_pad/products/201709/59c9aad199397.jpg",$29.95,5,https://www.glassesshop.com/bestsellers?page=3
Omar,https://www.glassesshop.com/eyeglasses/fm1269,"https://glassesshop-res.cloudinary.com/w_800,h_400,c_pad/products/201807/5b4c4d6c9cb81.jpg",$19.95,6,https://www.glassesshop.com/bestsellers?page=3
Rainbow,https://www.glassesshop.com/eyeglasses/fp1658,"https://glassesshop-res.cloudinary.com/w_800,h_400,c_pad/products/201806/5b10dfd765cde.jpg",$12.95,7,https://www.glassesshop.com/bestsellers?page=3
Binghamton,https://www.glassesshop.com/eyeglasses/fp1811,"https://glassesshop-res.cloudinary.com/w_800,h_400,c_pad/products/201910/5db296d2d588a.jpg",$19.95,8,https://www.glassesshop.com/bestsellers?page=3
Prince,https://www.glassesshop.com/eyeglasses/fp1439,"https://glassesshop-res.cloudinary.com/w_800,h_400,c_pad/products/201711/59fd6474ba4d4.jpg",$19.95,9,https://www.glassesshop.com/bestsellers?page=3
Buffalo,https://www.glassesshop.com/eyeglasses/fp1560,"https://glassesshop-res.cloudinary.com/w_800,h_400,c_pad/products/201801/5a6581ecbd7f1.jpg",$24.95,10,https://www.glassesshop.com/bestsellers?page=3
Hyannis,https://www.glassesshop.com/eyeglasses/fp1110,"https://glassesshop-res.cloudinary.com/w_800,h_400,c_pad/products/201708/5983fe65ed003.jpg",$29.95,11,https://www.glassesshop.com/bestsellers?page=3
Enoch,https://www.glassesshop.com/eyeglasses/fz1158,"https://glassesshop-res.cloudinary.com/w_800,h_400,c_pad/products/201805/5b0fae276f84e.jpg",$29.95,12,https://www.glassesshop.com/bestsellers?page=3
Rupert,https://www.glassesshop.com/eyeglasses/sm0853,"https://glassesshop-res.cloudinary.com/w_800,h_400,c_pad/products/201807/5b4eeb6190433.jpg",$39.95,13,https://www.glassesshop.com/bestsellers?page=3
Earl,https://www.glassesshop.com/eyeglasses/fp1664,"https://glassesshop-res.cloudinary.com/w_800,h_400,c_pad/products/201806/5b10e0017183c.jpg",$19.95,14,https://www.glassesshop.com/bestsellers?page=3
Prince,https://www.glassesshop.com/eyeglasses/fp1437,"https://glassesshop-res.cloudinary.com/w_800,h_400,c_pad/products/201711/59fd64661a767.jpg",$19.95,15,https://www.glassesshop.com/bestsellers?page=3
Darlene,https://www.glassesshop.com/eyeglasses/fp1181,"https://glassesshop-res.cloudinary.com/w_800,h_400,c_pad/products/202004/5e9808da44c7a.jpg",$19.95,16,https://www.glassesshop.com/bestsellers?page=3
Whittier,https://www.glassesshop.com/eyeglasses/fz1313,"https://glassesshop-res.cloudinary.com/w_800,h_400,c_pad/products/201906/5cf8ca4e9765e.jpg",$29.95,17,https://www.glassesshop.com/bestsellers?page=3
Bloor,https://www.glassesshop.com/eyeglasses/fp1920,"https://glassesshop-res.cloudinary.com/w_800,h_400,c_pad/products/201908/5d4d18eee5210.jpg",$12.95,18,https://www.glassesshop.com/bestsellers?page=3
Zoe,https://www.glassesshop.com/eyeglasses/fp1456,"https://glassesshop-res.cloudinary.com/w_800,h_400,c_pad/products/201909/5d8d74c323898.jpg",$19.95,19,https://www.glassesshop.com/bestsellers?page=3
Valentina,https://www.glassesshop.com/eyeglasses/fp1454,"https://glassesshop-res.cloudinary.com/w_800,h_400,c_pad/products/201908/5d4d18cc108de.jpg",$12.95,20,https://www.glassesshop.com/bestsellers?page=3
Horace,https://www.glassesshop.com/eyeglasses/fz0781,"https://glassesshop-res.cloudinary.com/w_800,h_400,c_pad/products/201811/5bff5bf26bea7.jpg",$29.95,21,https://www.glassesshop.com/bestsellers?page=3
Spender,https://www.glassesshop.com/eyeglasses/sup0632,"https://glassesshop-res.cloudinary.com/w_800,h_400,c_pad/products/201904/5cc806c83858d.jpg",$19.95,22,https://www.glassesshop.com/bestsellers?page=3
Moore,https://www.glassesshop.com/eyeglasses/fz1300,"https://glassesshop-res.cloudinary.com/w_800,h_400,c_pad/products/201904/5cb69b513b29c.jpg",$29.95,23,https://www.glassesshop.com/bestsellers?page=3
Sid,https://www.glassesshop.com/eyeglasses/sup0509,"https://glassesshop-res.cloudinary.com/w_800,h_400,c_pad/products/201807/5b4db90b0447d.jpg",$34.95,24,https://www.glassesshop.com/bestsellers?page=3
Roy,https://www.glassesshop.com/eyeglasses/fz1204,"https://glassesshop-res.cloudinary.com/w_800,h_400,c_pad/products/201807/5b4db873a3c0e.jpg",$34.95,25,https://www.glassesshop.com/bestsellers?page=3
Ben,https://www.glassesshop.com/eyeglasses/fp1722,"https://glassesshop-res.cloudinary.com/w_800,h_400,c_pad/products/201807/5b3dcfcc49a86.jpg",$39.95,26,https://www.glassesshop.com/bestsellers?page=3
Agnes,https://www.glassesshop.com/eyeglasses/fp1615,"https://glassesshop-res.cloudinary.com/w_800,h_400,c_pad/products/201805/5afe7cfbc9f87.jpg",$19.95,27,https://www.glassesshop.com/bestsellers?page=3
Astrid,https://www.glassesshop.com/eyeglasses/fp1500,"https://glassesshop-res.cloudinary.com/w_800,h_400,c_pad/products/202005/5ec744a8c80b0.jpg",$19.95,28,https://www.glassesshop.com/bestsellers?page=3
Laura,https://www.glassesshop.com/eyeglasses/fz1098,"https://glassesshop-res.cloudinary.com/w_800,h_400,c_pad/products/201710/59e01c91dd8f1.jpg",$29.95,29,https://www.glassesshop.com/bestsellers?page=3
Morgan,https://www.glassesshop.com/eyeglasses/sup0656,"https://glassesshop-res.cloudinary.com/w_800,h_400,c_pad/products/201905/5ccf9668bc29a.jpg",$29.95,30,https://www.glassesshop.com/bestsellers?page=3
Gloversville,https://www.glassesshop.com/eyeglasses/fp1810,"https://glassesshop-res.cloudinary.com/w_800,h_400,c_pad/products/201903/5c99cd4254304.jpg",$19.95,31,https://www.glassesshop.com/bestsellers?page=3
Olga,https://www.glassesshop.com/eyeglasses/fp1720,"https://glassesshop-res.cloudinary.com/w_800,h_400,c_pad/products/201807/5b3dcfbc52782.jpg",$34.95,32,https://www.glassesshop.com/bestsellers?page=3
Jersey,https://www.glassesshop.com/eyeglasses/fp1093,"https://glassesshop-res.cloudinary.com/w_800,h_400,c_pad/products/201703/58dcf69ac876f.jpg",$19.95,33,https://www.glassesshop.com/bestsellers?page=3
Syracuse,https://www.glassesshop.com/eyeglasses/fp1793,"https://glassesshop-res.cloudinary.com/w_800,h_400,c_pad/products/201903/5c99cd4233d01.jpg",$19.95,34,https://www.glassesshop.com/bestsellers?page=3
Hoyle,https://www.glassesshop.com/eyeglasses/sm0873,"https://glassesshop-res.cloudinary.com/w_800,h_400,c_pad/products/201812/5c2436850b4ce.jpg",$19.95,35,https://www.glassesshop.com/bestsellers?page=3
Edwiin,https://www.glassesshop.com/eyeglasses/fp1665,"https://glassesshop-res.cloudinary.com/w_800,h_400,c_pad/products/201806/5b10e008e975d.jpg",$19.95,36,https://www.glassesshop.com/bestsellers?page=3
Mason,https://www.glassesshop.com/eyeglasses/fp1639,"https://glassesshop-res.cloudinary.com/w_800,h_400,c_pad/products/201805/5afe7e64195f1.jpg",$29.95,37,https://www.glassesshop.com/bestsellers?page=3
Alieen,https://www.glassesshop.com/eyeglasses/fz1388,"https://glassesshop-res.cloudinary.com/w_800,h_400,c_pad/products/201908/5d52830d30ae0.jpg",$34.95,38,https://www.glassesshop.com/bestsellers?page=3
Ophelia,https://www.glassesshop.com/eyeglasses/sup0702,"https://glassesshop-res.cloudinary.com/w_800,h_400,c_pad/products/201906/5cff70bbf1bf9.jpg",$29.95,39,https://www.glassesshop.com/bestsellers?page=3
Hughes,https://www.glassesshop.com/eyeglasses/ft0278,"https://glassesshop-res.cloudinary.com/w_800,h_400,c_pad/products/201901/5c34038810a7e.jpg",$44.95,40,https://www.glassesshop.com/bestsellers?page=3
Gill,https://www.glassesshop.com/eyeglasses/fz1276,"https://glassesshop-res.cloudinary.com/w_800,h_400,c_pad/products/201810/5bbc50f65d9e5.jpg",$29.95,41,https://www.glassesshop.com/bestsellers?page=3
Cowper,https://www.glassesshop.com/eyeglasses/sm0833,"https://glassesshop-res.cloudinary.com/w_800,h_400,c_pad/products/201805/5b0518b21b35b.jpg",$34.95,42,https://www.glassesshop.com/bestsellers?page=3
Adam,https://www.glassesshop.com/eyeglasses/fp1543,"https://glassesshop-res.cloudinary.com/w_800,h_400,c_pad/products/201801/5a65815f91df3.jpg",$24.95,43,https://www.glassesshop.com/bestsellers?page=3
Coolidge,https://www.glassesshop.com/eyeglasses/fp1168,"https://glassesshop-res.cloudinary.com/w_800,h_400,c_pad/products/201702/58ae78f252584.jpg",$29.95,44,https://www.glassesshop.com/bestsellers?page=3
Hubbard,https://www.glassesshop.com/eyeglasses/fp1781,"https://glassesshop-res.cloudinary.com/w_800,h_400,c_pad/products/201812/5c244586d7042.jpg",$19.95,45,https://www.glassesshop.com/bestsellers?page=3
Hawthorn,https://www.glassesshop.com/eyeglasses/fm1349,"https://glassesshop-res.cloudinary.com/w_800,h_400,c_pad/products/201812/5c2436744043a.jpg",$29.95,46,https://www.glassesshop.com/bestsellers?page=3
Nathan,https://www.glassesshop.com/eyeglasses/fp1758,"https://glassesshop-res.cloudinary.com/w_800,h_400,c_pad/products/201807/5b5fdc2d6f460.jpg",$29.95,47,https://www.glassesshop.com/bestsellers?page=3
Wood,https://www.glassesshop.com/eyeglasses/fp1280,"https://glassesshop-res.cloudinary.com/w_800,h_400,c_pad/products/201701/587f15a445f13.jpg",$29.95,48,https://www.glassesshop.com/bestsellers?page=3
Bronti,https://www.glassesshop.com/eyeglasses/fp1927,"https://glassesshop-res.cloudinary.com/w_800,h_400,c_pad/products/201908/5d4d190dacad9.jpg",$12.95,49,https://www.glassesshop.com/bestsellers?page=3
Sherwood,https://www.glassesshop.com/eyeglasses/sm0885,"https://glassesshop-res.cloudinary.com/w_800,h_400,c_pad/products/201905/5cdcb3e76ce02.jpg",$29.95,50,https://www.glassesshop.com/bestsellers?page=3
Plato,https://www.glassesshop.com/eyeglasses/fm1184,"https://glassesshop-res.cloudinary.com/w_800,h_400,c_pad/products/201804/5acd64c835129.jpg",$24.95,51,https://www.glassesshop.com/bestsellers?page=3
Oswald,https://www.glassesshop.com/eyeglasses/fp1737,"https://glassesshop-res.cloudinary.com/w_800,h_400,c_pad/products/201807/5b4c4e0eb20e4.jpg",$19.95,52,https://www.glassesshop.com/bestsellers?page=3
Felix,https://www.glassesshop.com/eyeglasses/fp1724,"https://glassesshop-res.cloudinary.com/w_800,h_400,c_pad/products/201807/5b3dcfdb8dcd4.jpg",$29.95,53,https://www.glassesshop.com/bestsellers?page=3
Evansville,https://www.glassesshop.com/eyeglasses/fp1362,"https://glassesshop-res.cloudinary.com/w_800,h_400,c_pad/products/201903/5c8721b66cc5a.jpg",$19.95,54,https://www.glassesshop.com/bestsellers?page=3
Land,https://www.glassesshop.com/eyeglasses/fp1275,"https://glassesshop-res.cloudinary.com/w_800,h_400,c_pad/products/201701/587f15a43bdb9.jpg",$19.95,55,https://www.glassesshop.com/bestsellers?page=3
Stuart,https://www.glassesshop.com/eyeglasses/fp1851,"https://glassesshop-res.cloudinary.com/w_800,h_400,c_pad/products/201904/5cc2bffd384af.jpg",$9.95,56,https://www.glassesshop.com/bestsellers?page=3
Hempstead,https://www.glassesshop.com/eyeglasses/fp1808,"https://glassesshop-res.cloudinary.com/w_800,h_400,c_pad/products/201903/5c99cd424e89d.jpg",$19.95,57,https://www.glassesshop.com/bestsellers?page=3
Beulah,https://www.glassesshop.com/eyeglasses/fz1245,"https://glassesshop-res.cloudinary.com/w_800,h_400,c_pad/products/201910/5daeb8aaa34ed.jpg",$29.95,58,https://www.glassesshop.com/bestsellers?page=3
Husk,https://www.glassesshop.com/eyeglasses/fp1836,"https://glassesshop-res.cloudinary.com/w_800,h_400,c_pad/products/201904/5cb69b5116ee3.jpg",$19.95,59,https://www.glassesshop.com/bestsellers?page=3
Tupelo,https://www.glassesshop.com/eyeglasses/fm1360,"https://glassesshop-res.cloudinary.com/w_800,h_400,c_pad/products/201903/5c99cd2807ef9.jpg",$29.95,1,
Nat,https://www.glassesshop.com/eyeglasses/fp1755,"https://glassesshop-res.cloudinary.com/w_800,h_400,c_pad/products/201807/5b5fdc1527869.jpg",$6.95,2,
Otis,https://www.glassesshop.com/eyeglasses/fp1742,"https://glassesshop-res.cloudinary.com/w_800,h_400,c_pad/products/201807/5b4c4e365c7ab.jpg",$19.95,3,
Jinbee,https://www.glassesshop.com/eyeglasses/fp1902,"https://glassesshop-res.cloudinary.com/w_800,h_400,c_pad/products/201905/5ce3acf5d8bc6.jpg",$19.95,4,
Huggins,https://www.glassesshop.com/eyeglasses/ft0276,"https://glassesshop-res.cloudinary.com/w_800,h_400,c_pad/products/201901/5c3403880ae30.jpg",$39.95,5,
Milton,https://www.glassesshop.com/eyeglasses/fz1361,"https://glassesshop-res.cloudinary.com/w_800,h_400,c_pad/products/201907/5d1dad7e9531d.jpg",$19.95,6,
Nodia,https://www.glassesshop.com/eyeglasses/sup0700,"https://glassesshop-res.cloudinary.com/w_800,h_400,c_pad/products/201906/5cff70bbe91a2.jpg",$29.95,7,
Karol,https://www.glassesshop.com/eyeglasses/sup0651,"https://glassesshop-res.cloudinary.com/w_800,h_400,c_pad/products/201905/5ccf96688d447.jpg",$49.95,8,
Evelyn,https://www.glassesshop.com/eyeglasses/fz1265,"https://glassesshop-res.cloudinary.com/w_800,h_400,c_pad/products/201810/5bbc5085221a1.jpg",$29.95,9,
Stowe,https://www.glassesshop.com/eyeglasses/fp1845,"https://glassesshop-res.cloudinary.com/w_800,h_400,c_pad/products/201904/5cc2bffd1441e.jpg",$24.95,10,
Defender,https://www.glassesshop.com/eyeglasses/fp1871,"https://glassesshop-res.cloudinary.com/w_800,h_400,c_pad/products/201904/5cc16d5585fad.jpg",$19.95,11,
Jerry,https://www.glassesshop.com/eyeglasses/fp1593,"https://glassesshop-res.cloudinary.com/w_800,h_400,c_pad/products/201805/5afb961147318.jpg",$24.95,12,
Iowa,https://www.glassesshop.com/eyeglasses/fz1016,"https://glassesshop-res.cloudinary.com/w_800,h_400,c_pad/products/201707/595c86434f34a.jpg",$29.95,13,
Niagara,https://www.glassesshop.com/eyeglasses/fp1813,"https://glassesshop-res.cloudinary.com/w_800,h_400,c_pad/products/201903/5c99cd695a05d.jpg",$39.95,14,
Evangeline,https://www.glassesshop.com/eyeglasses/fz1264,"https://glassesshop-res.cloudinary.com/w_800,h_400,c_pad/products/201810/5bbc50851e668.jpg",$29.95,15,
Cecilia,https://www.glassesshop.com/eyeglasses/fp1913,"https://glassesshop-res.cloudinary.com/w_800,h_400,c_pad/products/201906/5d0318964c8a2.jpg",$29.95,16,
Norwalk,https://www.glassesshop.com/eyeglasses/fp1444,"https://glassesshop-res.cloudinary.com/w_800,h_400,c_pad/products/201804/5ae43ded23161.jpg",$19.95,17,
Reno clip-on,https://www.glassesshop.com/eyeglasses/fp1089,"https://glassesshop-res.cloudinary.com/w_800,h_400,c_pad/products/202004/5e9fb7e03ef5c.jpg",$44.95,18,
Rado Avaitor,https://www.glassesshop.com/eyeglasses/fp1822,"https://glassesshop-res.cloudinary.com/w_800,h_400,c_pad/products/201906/5d01d74545d98.jpg",$29.95,19,
Berenice,https://www.glassesshop.com/eyeglasses/ft0308,"https://glassesshop-res.cloudinary.com/w_800,h_400,c_pad/products/201906/5d0318966bf71.jpg",$39.95,20,
